{"key": {"case13_NLB015569_01 ": "D major", "case13_NLB072587_02 ": "G major"}, "pitch": {"similarity_score": 0.2204724409448819, "case13_NLB015569_01 peak_infos(onset_A, length)": [[21, 4.0], [2, 3.0]], "case13_NLB072587_02 B_peak_infos(onset_B, length)": {"0": [[34, 4]], "1": [[7, 3], [17, 3]]}, "comment": ["乐曲case13_NLB015569_01起始点21,长度8.0与乐曲case13_NLB072587_02起始点34长度8完全相似", "乐曲case13_NLB015569_01起始点2,长度7.0与乐曲case13_NLB072587_02起始点7长度7完全相似", "乐曲case13_NLB015569_01起始点2,长度7.0与乐曲case13_NLB072587_02起始点17长度7完全相似"]}, "rhythm": {"similarity_score": 0.2677165354330709, "case13_NLB015569_01 peak_infos": [[16, 4.0], [11, 3.0]], "case13_NLB072587_02 B_peak_infos": {"0": [[36, 4]], "1": [[0, 3], [31, 3]]}, "comment": ["乐曲case13_NLB015569_01起始点16,长度8.0与乐曲case13_NLB072587_02起始点36长度8完全相似", "乐曲case13_NLB015569_01起始点11,长度7.0与乐曲case13_NLB072587_02起始点0长度7完全相似", "乐曲case13_NLB015569_01起始点11,长度7.0与乐曲case13_NLB072587_02起始点31长度7完全相似"]}}