{"key": {"case12_NLB072587_01 ": "G major", "case12_NLB015569_01 ": "D major"}, "pitch": {"similarity_score": 0.24468085106382978, "case12_NLB072587_01 peak_infos(onset_A, length)": [[7, 3.0], [17, 3.0]], "case12_NLB015569_01 B_peak_infos(onset_B, length)": {"0": [[2, 3]], "1": [[2, 3]]}, "comment": ["乐曲case12_NLB072587_01起始点7,长度7.0与乐曲case12_NLB015569_01起始点2长度7完全相似", "乐曲case12_NLB072587_01起始点17,长度7.0与乐曲case12_NLB015569_01起始点2长度7完全相似"]}, "rhythm": {"similarity_score": 0.324468085106383, "case12_NLB072587_01 peak_infos": [[0, 3.0], [23, 3.0], [27, 3.0]], "case12_NLB015569_01 B_peak_infos": {"0": [[11, 3]], "1": [[9, 3]], "2": [[10, 3]]}, "comment": ["乐曲case12_NLB072587_01起始点0,长度7.0与乐曲case12_NLB015569_01起始点11长度7完全相似", "乐曲case12_NLB072587_01起始点23,长度7.0与乐曲case12_NLB015569_01起始点9长度7完全相似", "乐曲case12_NLB072587_01起始点27,长度7.0与乐曲case12_NLB015569_01起始点10长度7完全相似"]}}