{"key": {"case12_NLB015569_01 ": "D major", "case12_NLB072587_01 ": "G major"}, "pitch": {"similarity_score": 0.10236220472440945, "case12_NLB015569_01 peak_infos(onset_A, length)": [[2, 3.0]], "case12_NLB072587_01 B_peak_infos(onset_B, length)": {"0": [[7, 3], [17, 3]]}, "comment": ["乐曲case12_NLB015569_01起始点2,长度7.0与乐曲case12_NLB072587_01起始点7长度7完全相似", "乐曲case12_NLB015569_01起始点2,长度7.0与乐曲case12_NLB072587_01起始点17长度7完全相似"]}, "rhythm": {"similarity_score": 0.11023622047244094, "case12_NLB015569_01 peak_infos": [[11, 3.0]], "case12_NLB072587_01 B_peak_infos": {"0": [[0, 3]]}, "comment": ["乐曲case12_NLB015569_01起始点11,长度7.0与乐曲case12_NLB072587_01起始点0长度7完全相似"]}}