{"key": {"case13_NLB072587_02 ": "G major", "case13_NLB015569_01 ": "D major"}, "pitch": {"similarity_score": 0.3617021276595745, "case13_NLB072587_02 peak_infos(onset_A, length)": [[34, 4.0], [7, 3.0], [17, 3.0]], "case13_NLB015569_01 B_peak_infos(onset_B, length)": {"0": [[21, 4]], "1": [[2, 3]], "2": [[2, 3]]}, "comment": ["乐曲case13_NLB072587_02起始点34,长度8.0与乐曲case13_NLB015569_01起始点21长度8完全相似", "乐曲case13_NLB072587_02起始点7,长度7.0与乐曲case13_NLB015569_01起始点2长度7完全相似", "乐曲case13_NLB072587_02起始点17,长度7.0与乐曲case13_NLB015569_01起始点2长度7完全相似"]}, "rhythm": {"similarity_score": 0.30851063829787234, "case13_NLB072587_02 peak_infos": [[36, 4.0], [0, 3.0], [31, 3.0], [33, 3.0]], "case13_NLB015569_01 B_peak_infos": {"0": [[16, 4]], "1": [[11, 3]], "2": [[11, 3]], "3": [[17, 3]]}, "comment": ["乐曲case13_NLB072587_02起始点36,长度8.0与乐曲case13_NLB015569_01起始点16长度8完全相似", "乐曲case13_NLB072587_02起始点0,长度7.0与乐曲case13_NLB015569_01起始点11长度7完全相似", "乐曲case13_NLB072587_02起始点31,长度7.0与乐曲case13_NLB015569_01起始点11长度7完全相似", "乐曲case13_NLB072587_02起始点33,长度7.0与乐曲case13_NLB015569_01起始点17长度7完全相似"]}}